{"_timestamp":1.7302944807147799e+09,"_wandb":{"runtime":109},"_runtime":109.426102,"_step":84792,"epoch":84792,"val_error":0.00982810444883788}