{"_timestamp":1.7302946970446029e+09,"_runtime":140.032964,"_step":104941,"epoch":105047,"val_error":0.007876102576974355,"_wandb":{"runtime":140}}