{"_timestamp":1.730294546835936e+09,"_runtime":19.587025,"_step":14408,"_wandb":{"runtime":19},"epoch":14423,"val_error":0.05017646561158124}